Sample,Type,Pluton,Grid reference,Easting,Northing,SiO2,TiO2,Al2O3,Fe2O3,MnO,MgO,CaO,Na2O,K2O,P2O5,LOI,Total,Ba,Pb,Rb,Sr,Nb,Th,U,Zr,La,Ce,Pr,Nd,Sm,Eu,Gd,Dy,Ho,Er,Tm,Yb,Lu,A/CNK,TZr,Eu/Eu*,K/Rb,Rb/Sr
,,,,,,%,%,%,%,%,%,%,%,%,%,%,%,ppm,ppm,ppm,ppm,ppm,ppm,ppm,ppm,ppm,ppm,ppm,ppm,ppm,ppm,ppm,ppm,ppm,ppm,ppm,ppm,ppm,,,,,
Detection,,,,,,0.01,0.01,0.01,0.01,0.001,0.01,0.01,0.01,0.01,0.01,,,5,5,2,2,0.3,6,5,5,0.3,0.6,0.3,0.3,0.3,0.03,0.1,0.22,0.08,0.05,0.04,0.1,0.03,,,,,
LE01,G3a,Land's End,SW45152425,145150,24250,70.41,0.39,15.09,2.79,0.04,0.64,0.74,2.74,5.82,0.3,1.19,100.16,261,21,371,80,19,20,8,138,28.65,62.79,8.81,32.79,6.74,0.68,5.09,3.52,0.63,1.59,0.22,1.33,0.21,1.24,798,0.35,130,4.65
LE02,G3a,Land's End,SW45152425,145150,24250,69.77,0.39,14.78,2.85,0.05,0.69,0.8,2.68,5.43,0.28,1.5,99.22,269,28,418,85,19,29,8,174,30.79,69.37,9.35,35.15,6.89,0.64,4.98,3.26,0.56,1.43,0.2,1.19,0.18,1.26,819,0.33,108,4.92
LE03,G3a,Land's End,SW44672535,144670,25350,70.86,0.35,14.57,2.6,0.04,0.62,0.75,2.76,5.19,0.27,1.3,99.31,289,32,418,88,19,24,10,159,29.46,64.53,8.58,31.45,6.2,0.56,4.54,3.05,0.52,1.35,0.19,1.16,0.17,1.26,812,0.32,103,4.75
LE04,G4b,Land's End,SW38642885,138640,28850,73.5,0.11,14.57,1.51,0.03,0.11,0.37,3.31,4.47,0.35,1.22,99.55,0.25,7,952,16,34,3,2.5,47,3.9,8.9,1.18,4.35,1.02,0.03,0.83,0.85,0.16,0.47,0.08,0.59,0.09,1.33,720,0.11,39,59.5
LE05,G4b,Land's End,SW38642885,138640,28850,73.91,0.1,14.35,1.54,0.04,0.07,0.38,3.42,4.5,0.35,1,99.66,0.25,6,827,14,33,4,4,41,3.96,8.82,1.18,4.32,1.02,0.03,0.83,0.84,0.16,0.47,0.08,0.6,0.09,1.28,708,0.11,45,60.28
LE06,G3a,Land's End,SW44493400,144490,34000,70.92,0.27,14.49,1.98,0.03,0.36,0.63,2.74,5.56,0.25,1.29,98.52,224,28,414,81,20,25,11,139,21.43,47.61,6.17,22.6,4.65,0.32,3.4,2.23,0.37,0.93,0.13,0.77,0.11,1.24,801,0.24,111,5.11
LE07,G2,Land's End,SW48643477,148640,34770,71.57,0.16,14.48,1.6,0.02,0.34,0.39,2.14,6.35,0.26,1.61,98.92,125,10,547,41,19,10,2.5,71,8.94,17.98,2.4,8.83,2.06,0.31,1.78,1.58,0.28,0.74,0.11,0.73,0.11,1.3,750,0.49,96,13.34
LE08,G2,Land's End,SW48643477,148640,34770,71.9,0.15,14.65,1.5,0.02,0.31,0.54,2.69,5.73,0.27,1.39,99.15,134,11,532,47,19,10,17,69,11.55,23.76,3.01,10.76,2.38,0.29,1.95,1.6,0.27,0.71,0.1,0.67,0.1,1.26,744,0.41,89,11.32
LE09,G2,Land's End,SW48643477,148640,34770,71.87,0.16,14.62,1.48,0.03,0.3,0.6,3,5.27,0.27,1.45,99.05,152,14,521,54,19,10,31,71,11.59,24.4,3.04,10.97,2.43,0.27,1.98,1.6,0.27,0.71,0.1,0.67,0.1,1.25,745,0.38,84,9.65
LE10,G3a,Land's End,SW45853799,145850,37990,71.73,0.36,14.56,2.34,0.03,0.65,0.52,2.66,5.63,0.27,1.47,100.21,269,17,364,78,20,21,3,133,23.25,46.19,6.98,25.3,5.2,0.54,3.88,2.75,0.48,1.26,0.18,1.09,0.16,1.28,800,0.37,128,4.68
LE11,G3a,Land's End,SW35792362,135790,23620,70.62,0.35,14.48,2.28,0.02,0.66,0.5,2.5,5.54,0.26,1.74,98.95,260,21,417,96,17,26,2.5,161,22.91,46.8,7.1,27.14,5.74,0.48,4.32,3.13,0.52,1.35,0.2,1.22,0.17,1.31,820,0.29,110,4.34
CW37*,G3a,Land's End,SW36442184,136440,21840,73.71,0.29,13.94,1.91,0.03,0.35,0.58,2.55,5.55,0.25,,99.16,166,15,436,73,20,16,5,120,12.23,24.07,3.58,14.08,3.29,0.26,2.4,1.96,0.33,0.93,0.13,0.84,0.13,1.24,785,0.28,106,5.97
CW01*,G4c,Land's End,SW35493209,135490,32090,74.08,0.08,14.22,3.36,0.03,0.08,0.49,0.56,5.89,0.38,,99.17,126,7,505,24,,4,3,38,2.77,6.41,0.91,3.66,1.09,0.09,0.9,1.11,0.2,0.62,0.1,0.76,0.11,1.74,717,0.27,97,21.04
CW68*,G4c,Land's End,SW42813798,142810,37980,73.88,0.1,14.07,0.76,0.01,0.05,0.38,2.85,7.1,0.25,,99.45,96,31,434,51,,7,5,51,5.91,10.03,1.66,6.27,1.61,0.15,1.22,1.15,0.19,0.56,0.08,0.58,0.09,1.08,711,0.32,136,8.51
GD01,G1c,Godolphin,SW59243127,159240,31270,70.59,0.31,14.73,2.31,0.01,0.47,0.37,1.8,6.03,0.24,2.12,98.98,403,37,435,92,12,37,2.5,177,35.14,71.77,10.09,36.5,6.51,0.48,3.92,2.25,0.37,0.91,0.13,0.72,0.11,1.45,838,0.29,115,4.73
TR01 ,G5a,Tregonning,SW59903007,159900,30070,73.88,0.03,15.17,1.57,0.08,0.08,0.61,1.67,5.05,0.42,2.02,100.58,63,0.25,740,32,70,3,2.5,16,1.31,2.52,0.24,0.83,0.13,0.04,0.05,0.11,0.04,0.025,0.02,0.08,0.015,1.63,682,,57,23.13
TR02,G5a,Tregonning,SW60842671,160840,26710,70.22,0.07,17.15,1.34,0.06,0.11,0.44,4.17,4.27,0.49,1.41,99.73,0.25,7,1360,25,67,3,28,37,1.39,3.52,0.55,2.09,0.98,0.04,1.02,1.22,0.2,0.57,0.1,0.6,0.1,1.4,702,0.12,26,54.4
TR03,G5a,Tregonning,SW59532669,159530,26690,71.09,0.05,16.55,0.97,0.08,0.03,0.3,4.02,4.24,0.47,1.32,99.12,0.25,11,1530,22,80,3,2.5,24,1.13,2.5,0.37,1.2,0.55,0.03,0.55,0.74,0.13,0.34,0.09,0.49,0.09,1.41,674,0.19,23,69.55
TR04,G5a,Tregonning,SW60842671,160830,26710,70,0.08,17.89,1.46,0.06,0.15,0.55,4.14,4.17,0.54,1.72,100.76,9,8,1320,68,64,3,30,39,1.37,3.47,0.52,2.03,0.97,0.15,1.01,1.2,0.17,0.46,0.08,0.56,0.08,1.45,707,,26,19.41
OT06,G5b,Tregonning,SW60842671,160830,26710,72.87,0.04,15.87,0.63,0.08,0.02,0.21,4.71,3.44,0.43,0.89,99.19,0.25,6,1180,14,39,3,8,21,0.15,0.3,0.15,0.15,0.15,0.15,0.11,0.1,0.11,0.1,0.11,0.14,0.15,1.34,663,,24,84.29
CN01,G1b,Carnmenellis,SW68223487,168220,34870,72.04,0.18,14.98,1.49,0.03,0.32,0.69,3.06,4.99,0.21,1.07,99.06,179,40,427,95,11,11,2.5,78,17.62,36.37,4.45,16.57,3.37,0.28,2.26,1.2,0.18,0.45,0.06,0.39,0.06,1.28,753,0.31,97,4.49
CN02,G1a,Carnmenellis,SW74373230,174370,32300,71.39,0.27,14.57,1.94,0.03,0.5,0.92,2.84,4.81,0.23,1.19,98.69,152,31,436,98,14,21,11,120,14.82,30.63,3.83,13.96,2.86,0.23,1.86,1.58,0.24,0.76,0.14,0.85,0.14,1.26,785,0.3,92,4.45
CN03,G1a,Carnmenellis,SW74313219,174310,32190,72.58,0.27,14.67,1.97,0.04,0.48,0.93,3.01,4.89,0.24,1.09,100.16,175,23,371,78,13,15,10,96,26.46,54.35,6.92,23.61,4.74,0.51,3.25,1.81,0.32,0.75,0.11,0.65,0.11,1.23,765,0.4,109,4.77
CN05,G1a,Carnmenellis,SW73543170,173540,31700,71.21,0.24,14.54,1.75,0.04,0.4,0.78,3.09,4.84,0.23,1.11,98.23,168,26,402,72,13,12,10,84,26.36,54.23,6.82,23.25,4.61,0.46,3.13,1.72,0.28,0.7,0.11,0.61,0.1,1.24,756,0.37,100,5.59
CN08,G1b,Carnmenellis,SW75823453,175820,34530,71.62,0.23,14.92,1.68,0.03,0.43,0.87,3,5.03,0.24,1.22,99.27,197,35,469,90,13,17,9,103,22.44,46.34,5.56,19.69,3.96,0.4,2.7,1.51,0.24,0.61,0.09,0.53,0.08,1.25,772,0.37,89,5.21
CN09,G1b,Carnmenellis,SW75823453,175820,34530,72.44,0.23,14.8,1.74,0.04,0.45,0.81,2.88,5.44,0.24,1.19,100.26,193,25,357,68,11,12,9,83,22.14,46.24,5.47,19.45,3.85,0.33,2.58,1.37,0.21,0.53,0.07,0.45,0.06,1.22,753,0.32,127,5.27
CN10,G1b,Carnmenellis,SW75783441,175780,34410,72.05,0.21,14.79,1.63,0.05,0.43,0.67,2.74,5.57,0.22,1.29,99.65,206,35,485,91,11,15,8,92,21.14,44.56,5.35,19.09,3.79,0.31,2.5,1.26,0.19,0.47,0.06,0.38,0.05,1.26,766,0.31,95,5.33
CN11,G1b,Carnmenellis,SW72193618,172190,36180,71.17,0.18,15.02,1.37,0.03,0.31,0.61,2.89,5.5,0.23,1.27,98.58,179,41,434,107,11,11,2.5,80,14.09,28.71,3.5,12.54,2.65,0.28,1.88,1.02,0.15,0.38,0.05,0.32,0.05,1.27,755,0.38,105,4.06
CN12,G1b,Carnmenellis,SW72203617,172200,36170,71.68,0.22,14.63,1.66,0.08,0.39,0.75,2.8,5.19,0.22,1.38,99,188,29,438,88,10,17,6,101,18.64,38.37,4.67,16.7,3.38,0.33,2.32,1.36,0.22,0.57,0.08,0.51,0.07,1.26,773,0.36,98,4.98
CN13,G1b,Carnmenellis,SW74993734,175990,37340,71.58,0.25,14.85,1.85,0.04,0.47,0.72,2.85,5.21,0.24,1.31,99.37,179,35,515,94,17,18,9,109,21.18,44.39,5.32,19,3.73,0.3,2.45,1.27,0.19,0.48,0.06,0.4,0.06,1.28,780,0.3,84,5.48
CN14,G1a,Carnmenellis,SW65653666,165650,36660,71.69,0.23,14.53,1.75,0.02,0.43,0.66,2.6,5.42,0.23,1.45,99.01,197,29,434,107,,19,6,106,17.67,35.36,4.53,16.15,3.31,0.42,2.23,1.33,0.22,0.56,0.08,0.49,0.07,1.28,779,0.47,104,4.06
CN15,G1a,Carnmenellis,SW65643666,165650,36660,71.29,0.25,14.77,1.77,0.04,0.43,0.7,2.63,5.57,0.24,1.43,99.12,215,31,410,119,11,21,6,115,24.93,50.63,5.96,21.49,4.42,0.56,2.98,1.8,0.29,0.77,0.1,0.67,0.09,1.27,785,0.47,113,3.45
CN16,G1a,Carnmenellis,SW65643666,165650,36660,71.92,0.25,14.49,1.89,0.06,0.4,0.46,1.2,7.72,0.23,1.4,100.03,226,19,445,52,12,14,10,91,20.42,38.74,5.08,18.1,3.61,0.52,2.45,1.55,0.25,0.68,0.09,0.59,0.09,1.3,769,0.54,144,8.54
CB01,G1a,Carn Brea,SW68154070,168150,40700,71.91,0.25,15.07,1.85,0.05,0.37,0.27,2.47,6.19,0.2,1.49,100.12,232,157,427,70,10,14,4,89,18.34,34.23,4.67,16.52,3.31,0.42,2.19,1.31,0.22,0.55,0.08,0.49,0.08,1.34,772,0.48,121,6.07
CB02,G1a,Carn Brea,SW65903923,165900,39230,73.3,0.19,13.84,1.36,0.02,0.35,0.61,2.54,5.34,0.2,1.27,99.02,179,30,449,99,8,15,,91,14.69,29.03,3.74,13.43,2.67,0.38,1.82,1.03,0.17,0.44,0.06,0.4,0.06,1.25,766,0.52,99,4.54
CB03,G1a,Carn Brea,SW65903923,165900,39230,71.25,0.23,14.5,1.67,0.04,0.43,0.68,2.76,5.52,0.23,1.36,98.67,242,38,446,108,9,19,2.5,105,21.92,44.33,5.46,19.57,3.82,0.4,2.49,1.35,0.21,0.54,0.07,0.45,0.06,1.23,775,0.39,103,4.13
CM01,G2,Carn Marth,SW71494072,171490,40720,72.6,0.14,15.04,1.28,0.04,0.18,0.61,3.36,5.2,0.27,1.17,99.89,117,15,502,42,12,8,5,61,13.24,28.05,3.48,12.3,2.34,0.2,1.5,0.98,0.18,0.45,0.06,0.42,0.06,1.23,732,0.33,86,12
CM02,G2,Carn Marth,SW71554071,171550,40710,72.5,0.17,15.26,1.32,0.03,0.23,0.57,3.09,5.36,0.26,1.28,100.07,161,27,578,64,14,15,20,86,16.22,35.29,4.21,14.87,2.71,0.18,1.64,0.96,0.17,0.44,0.06,0.39,0.06,1.28,762,0.26,77,9.03
CL02,G2,Cligga,SW73805356,173800,53560,72.57,0.11,14.59,1.37,0.04,0.15,0.53,3.18,4.68,0.26,1.21,98.69,72,25,592,39,14,6,16,48,6.41,14.13,1.79,6.44,1.31,0.07,1.27,0.96,0.19,0.45,0.06,0.42,0.06,1.3,718,0.16,66,15.18
AU01,G3d,St. Austell,SW91865784,191860,57840,72.17,0.09,14.94,0.88,0.01,0.27,1.69,2.66,4.7,0.4,1.83,99.62,35,0.25,175,27,12,3,10,42,3.21,6.7,1.05,4.42,1.46,0.13,1.52,1.6,0.28,0.79,0.12,0.86,0.12,1.19,691,0.27,223,6.51
AU02,G3a,St. Austell,SW99485891,199480,58910,71.15,0.28,14.87,2.17,0.05,0.5,0.77,2.55,5.48,0.24,1.4,99.46,242,29,406,113,12,23,2.5,125,20.44,42.91,5,18.56,3.66,0.33,2.28,1.24,0.18,0.49,0.06,0.41,0.06,1.29,792,0.35,112,3.59
AU03,G4c,St. Austell,SX02995522,202990,55220,72.08,0.16,14.56,1.72,0.03,0.24,0.23,2.33,5.19,0.27,1.78,98.59,107,10,775,48,23,11,,78,11.36,25.44,3.23,11.83,2.53,0.12,1.76,1.13,0.18,0.49,0.07,0.51,0.08,1.48,768,0.18,56,16.15
AU04,G4c,St. Austell,SX03055551,203050,55510,72.81,0.13,14.45,1.38,0.03,0.17,0.51,3.4,4.99,0.31,1.12,99.3,54,15,749,33,29,9,20,63,6.36,13.8,1.8,6.71,1.46,0.11,1.02,0.8,0.16,0.45,0.07,0.49,0.08,1.21,734,0.29,55,22.7
AU06,G5a,St. Austell,SW94765549,194760,55490,72.57,0.06,15.66,0.87,0.02,0.12,0.4,3.62,4.8,0.46,1.43,100.01,20,0.25,1260,34,27,3,2.5,21,1.14,2.22,0.32,1.15,0.28,0.015,0.23,0.26,0.06,0.17,0.04,0.26,0.04,1.32,660,,32,37.06
AU07,G4a,St. Austell,SW97995730,197990,57300,73.54,0.09,15.26,0.91,0.01,0.14,0.89,3.34,4.63,0.39,1.47,100.67,81,0.25,601,61,25,3,2.5,38,3.36,6.8,0.83,2.97,0.66,0.07,0.6,0.65,0.12,0.36,0.06,0.42,0.06,1.26,695,0.34,64,9.85
AU08,G4b,St. Austell,SW98295746,198290,57460,72.9,0.1,14.32,1.25,0.02,0.14,0.58,3.32,4.44,0.33,1.29,98.69,36,7,725,27,31,3,2.5,59,5.47,11.88,1.53,5.56,1.23,0.06,0.94,0.8,0.14,0.39,0.06,0.44,0.07,1.26,732,0.16,51,26.85
AU09,G4b,St. Austell,SW98575754,198570,57540,72.99,0.09,14.43,1.25,0.02,0.14,0.46,2.71,4.98,0.38,1.28,98.73,10,0.25,816,29,34,3,2.5,47,4.15,8.74,1.12,3.99,0.85,0.04,0.65,0.58,0.1,0.28,0.05,0.34,0.06,1.35,720,0.16,51,28.14
AU10,G4b,St. Austell,SW98395456,198390,54560,72.45,0.09,14.41,1.39,0.02,0.13,0.49,2.48,5.69,0.41,1.26,98.82,36,0.25,854,24,25,6,6,47,5.23,11.48,1.51,5.44,1.21,0.03,0.9,0.78,0.13,0.35,0.05,0.39,0.06,1.29,717,0.1,55,35.58
AU11,G4b,St. Austell,SW92385569,192380,55690,73.15,0.13,14.98,1.35,0.02,0.22,0.56,3.4,4.89,0.34,1.27,100.31,36,8,796,37,32,9,2.5,68,6.48,14.49,1.84,6.66,1.44,0.08,1.05,0.8,0.13,0.36,0.06,0.39,0.07,1.26,742,0.19,51,21.51
AU12,G4a,St. Austell,SW98645683,198640,56830,72.9,0.08,14.8,1.16,0.01,0.09,0.44,3.47,4.64,0.39,1.22,99.2,54,0.25,713,40,33,3,2.5,40,3.12,6.44,0.79,2.83,0.62,0.04,0.53,0.59,0.11,0.35,0.06,0.44,0.07,1.28,704,0.22,54,17.83
AU13,G3a,St. Austell,SX00955848,200950,58480,72.17,0.21,14.61,1.62,0.02,0.28,0.45,2.9,5.32,0.27,1.21,99.06,134,26,538,53,17,15,16,93,13.99,33.44,4,14.97,3.09,0.14,2.16,1.34,0.2,0.49,0.07,0.43,0.06,1.29,771,0.17,82,10.15
AU14,G4c,St. Austell,SX02485488,202480,54880,72.87,0.17,14.18,1.87,0.02,0.2,0.57,3.08,4.64,0.29,1.19,99.08,72,15,612,33,27,12,19,78,10.08,24.13,2.89,10.86,2.22,0.1,1.51,0.96,0.15,0.39,0.06,0.41,0.06,1.27,755,0.17,63,18.55
AU15,G5a,St. Austell,SW94755591,194750,55910,72.33,0.05,15.28,0.9,0.02,0.06,0.47,4.01,4.47,0.44,1.13,99.16,18,0.25,1070,19,35,3,5,23,1.38,2.31,0.36,1.27,0.28,0.02,0.23,0.24,0.04,0.14,0.03,0.24,0.04,1.24,663,0.23,35,56.32
AU16,G5a,St. Austell,SW94755591,194750,55910,72.51,0.05,15.27,1.05,0.01,0.14,0.54,4.06,4.18,0.44,1.18,99.43,18,0.25,888,46,38,3,14,21,1.06,1.88,0.27,0.98,0.23,0.02,0.21,0.26,0.05,0.17,0.03,0.27,0.04,1.25,656,0.24,39,19.3
AU17,G5a,St. Austell,SW94755591,194750,55910,71.88,0.05,15.65,1.05,0.02,0.13,0.45,3.72,4.56,0.45,1.29,99.25,63,0.25,935,60,38,3,2.5,21,0.95,1.6,0.25,0.88,0.19,0.015,0.16,0.17,0.04,0.11,0.02,0.17,0.03,1.32,660,,40,15.58
BD01,G1a,Bodmin,SX25887240,225880,72400,70.94,0.24,14.63,1.75,0.03,0.41,0.78,2.67,5.45,0.25,1.59,98.74,170,32,444,101,10,16,11,110,18,37.71,4.61,16.53,3.4,0.38,2.31,1.31,0.21,0.55,0.08,0.49,0.07,1.25,779,0.41,102,4.4
BD03,G1a,Bodmin,SX24927240,225880,72400,71.67,0.22,14.69,1.7,0.04,0.36,0.75,2.77,5.45,0.25,1.25,99.15,193,31,449,91,10,13,2.5,92,19.4,41.16,4.95,17.71,3.55,0.4,2.34,1.26,0.2,0.51,0.08,0.45,0.07,1.24,764,0.42,101,4.93
BD05,G1a,Bodmin,SX10097546,210090,75460,71.94,0.21,14.86,1.51,0.04,0.35,0.85,3.27,4.97,0.24,1.22,99.46,188,37,418,97,8,13,2.5,95,16.18,33.31,4,14.3,2.9,0.36,2.04,1.22,0.19,0.48,0.07,0.41,0.06,1.21,763,0.45,99,4.31
BD07,G1a,Bodmin,SX15288051,215280,80510,71.72,0.24,15.01,1.69,0.04,0.38,0.82,3.05,5.07,0.26,1.33,99.61,161,34,436,92,8,16,6,110,17.08,37.98,4.35,15.9,3.28,0.28,2.27,1.22,0.18,0.44,0.06,0.39,0.06,1.25,779,0.31,97,4.74
KT01,G2,Kit Hill,SX37467180,237450,71800,71.94,0.19,14.94,1.67,0.06,0.37,0.69,2.97,5.03,0.23,1.46,99.55,161,25,485,74,14,13,7,91,13.6,27.1,3.42,12.19,2.38,0.28,1.62,1.09,0.19,0.51,0.07,0.49,0.07,1.29,766,0.43,86,6.55
HD01,G2,Hingston Down,SX40987166,240980,71660,72.49,0.04,14.97,0.52,0,0.05,0.33,2.76,6.69,0.32,0.86,99.03,90,36,598,32,15,3,2.5,19,15.46,32.92,4.36,15.3,3.36,0.39,2.31,2.38,0.46,1.23,0.18,1.13,0.17,1.21,650,0.43,93,18.69
DT03,G4b,Dartmoor,SX65405756,265400,57560,73.8,0.17,13.53,1.01,0,0.2,0.61,3.59,4.49,0.23,1.03,98.66,134,26,447,55,26,14,9,40,9.1,18.05,2.31,8.23,1.87,0.11,1.51,1.34,0.23,0.61,0.09,0.6,0.09,1.14,695,0.2,83,8.13
DT04,G4b,Dartmoor,SX65405756,265400,57560,74.3,0.16,13.29,1.05,0,0.21,0.76,3.43,4.52,0.21,0.99,98.92,125,8,436,54,26,14,2.5,63,9.4,19.67,2.45,8.58,1.88,0.12,1.54,1.35,0.23,0.61,0.09,0.59,0.09,1.12,726,0.22,86,8.07
DT07,G3a,Dartmoor,SX54067536,254060,75360,73.02,0.28,13.12,2.49,0.06,0.38,0.73,3,4.84,0.18,0.86,98.96,116,29,449,54,15,20,2.5,166,17.76,39.11,4.9,17.86,3.68,0.26,2.83,2.26,0.41,1.13,0.16,1.1,0.18,1.14,809,0.25,89,8.31
DT08,G3a,Dartmoor,SX55937335,255930,73350,74.57,0.17,13.07,1.85,0.06,0.23,0.34,2.86,5.06,0.2,0.84,99.25,9,25,602,19,14,13,13,101,9.85,21.99,2.88,10.63,2.38,0.07,1.72,1.2,0.19,0.49,0.07,0.45,0.08,1.21,776,0.11,70,31.68
DT11,G3a,Dartmoor,SX55557215,255550,72150,72.35,0.27,13.79,2.25,0.06,0.38,0.67,3.05,4.96,0.2,0.93,98.91,206,35,462,60,16,21,11,149,18.08,42.3,4.97,18.22,3.86,0.24,2.9,2.07,0.34,0.81,0.11,0.68,0.11,1.19,803,0.22,89,7.7
DT16,G3c,Dartmoor,SX75947746,275940,77460,73.59,0.23,13.4,1.82,0.04,0.35,0.47,3.11,5.05,0.19,0.9,99.15,161,28,362,52,12,15,8,103,10.96,21.52,2.85,10.47,2.24,0.11,1.62,1.31,0.23,0.66,0.1,0.69,0.11,1.17,773,0.18,116,6.96
DT17,G3a,Dartmoor,SX73277537,273270,75370,71.27,0.32,14.19,2.32,0.03,0.54,0.97,3.09,5.21,0.15,0.97,99.06,322,30,358,126,16,20,2.5,153,22.63,46.05,5.51,20.33,3.92,0.37,2.62,1.82,0.3,0.84,0.12,0.78,0.12,1.14,797,0.35,121,2.84
DT19,G3a,Dartmoor,SX75127691,275120,76910,71.43,0.32,13.94,2.23,0.04,0.57,1.16,3.06,4.64,0.16,1.21,98.76,269,29,321,110,16,20,2.5,154,17.8,31.27,4.38,16.35,3.28,0.36,2.21,1.53,0.26,0.72,0.1,0.71,0.12,1.15,796,0.4,120,2.92
DT20,G3a,Dartmoor,SX75127691,275120,76910,71.41,0.32,14.37,2.37,0.04,0.6,1.24,3.12,4.93,0.17,0.77,99.34,278,26,351,112,16,21,2.5,156,19.83,41.5,4.84,18.14,3.56,0.36,2.38,1.59,0.26,0.73,0.1,0.71,0.12,1.13,795,0.38,117,3.13
DT21,G2,Dartmoor,sx57235844,257230,58440,72.89,0.2,14.56,0.65,0.0005,0.34,0.03,0.36,9.65,0.04,1.21,99.93,591,7,898,98,11,9,2.5,78,4.21,6.8,1.21,5.1,1.36,0.24,1.26,1.01,0.18,0.44,0.07,0.52,0.07,1.31,762,0.56,89,9.16
DT25,G3a,Dartmoor,SX61479264,261470,82640,70.42,0.45,14.35,3.3,0.05,0.58,0.81,2.87,4.8,0.24,1.48,99.35,178,30,532,80,21,26,2.5,233,21.19,40.34,5.57,20.34,4.13,0.33,3.2,2.66,0.49,1.36,0.2,1.31,0.2,1.26,847,0.28,75,6.65
OT05,G5b,Meldon,SX57069265,257060,92650,71.98,0.03,15.92,0.55,0.14,0.02,0.72,3.58,4.03,0.36,1.97,99.3,18,12,2080,55,69,3,5,14,0.43,0.36,0.37,0.37,0.31,0.08,0.28,0.34,0.32,0.32,0.28,0.3,0.33,1.38,634,0.82,16,37.82